dataset	obtree_c
10	0.73086
64	4.10246
1024	47.0787
